keyword,count,platform
땅따리,1,naver
똥별보다는,1,naver
낫다!,1,naver
이걸로,1,naver
물고,1,naver
늘어지는,1,naver
졸렬한,1,naver
김병주,3,naver
병주야..너라면,1,naver
총리시켜준다면,1,naver
넙죽,1,naver
받아먹었겠지만,1,naver
정치인이,1,naver
자기,1,naver
신념과,1,naver
다르면,1,naver
아무리,1,naver
좋은것도,1,naver
거절할줄,1,naver
알아야,1,naver
되는거야...,1,naver
국무총리,1,naver
자리,1,naver
거절하는게,1,naver
쉬워,1,naver
보이냐?,1,naver
경기지사,1,naver
한번,1,naver
해보겠다고,1,naver
그짧은,1,naver
팔다리로,1,naver
아둥바둥,1,naver
거리잖아,1,naver
ㅉㅉㅉ,1,naver
병주야,1,naver
참아라.,1,naver
유승민도,1,naver
"제안받았는데,",1,naver
제안한적없다!,1,naver
라고하니까,1,naver
밝힌거잖아.,1,naver
쪽팔리게,1,naver
굴지말자,1,naver
별것도아니다,1,naver
총리,4,naver
제안이,1,naver
사실이었네....아니라고,1,naver
하더니.....입만열면,1,naver
거짓말,3,naver
빙주가,1,naver
어떻게,2,naver
별4개,1,naver
달았는지,1,naver
지금도,1,naver
불가사리여.,1,naver
사의?,1,naver
똥별은,1,naver
"달은거야,",1,naver
아부근성으로,1,naver
딱그렇게,1,naver
생겨ㅆ네,1,naver
정치도의를,1,naver
무시하긴했지.,1,naver
유승민의,1,naver
그릇의,1,naver
한계.,1,naver
다음에,1,naver
누가,1,naver
유승민에게,1,naver
무슨말을,1,naver
하겠는가?,1,naver
이것으로,1,naver
유승민은,1,naver
유승민,5,naver
저사람,1,naver
절대,1,naver
안된다,1,naver
관상봐라,1,naver
이가,1,naver
이재명,1,naver
정청래,1,naver
우원식,1,naver
김병기,1,naver
추미애.,1,naver
무능,2,naver
멍청한,1,naver
인간들,2,naver
보다,1,naver
백번,1,naver
낫긴,1,naver
하지,1,naver
보수,1,naver
의원들이,1,naver
스쳐만,1,naver
가도,1,naver
유능,1,naver
하니,1,naver
적극적,1,naver
영입하려하네,1,naver
대통령도,1,naver
마찬가지,1,naver
이야,2,naver
라도는,1,naver
사기꾼.,1,naver
멍청.,1,naver
인간들.,1,naver
많다보니,1,naver
경상도,1,naver
인물을,1,naver
대통으로,1,naver
계속.,1,naver
구해,1,naver
하잔아,1,naver
미숙한,1,naver
좌팔.,1,naver
촉새,1,naver
시켰더라도,1,naver
부정문제로,1,naver
온나라가,1,naver
뒤집힐뻔!,1,naver
대통령께선,1,naver
운도,1,naver
좋으셔!,1,naver
문제는,1,naver
입도,1,naver
뻥긋,1,naver
못하면서..너도,1,naver
그릇이,1,naver
작아..종재기,1,naver
수준이야..,1,naver
처음부터,1,naver
총리제안했는데,1,naver
거절당했다고,1,naver
발표했으면,1,naver
됐자나...찌질하게,1,naver
그런적,1,naver
없었다고,1,naver
하니까,2,naver
팩트를,1,naver
말한거자나...,1,naver
찌질한,1,naver
민주당과,1,naver
청와대...,1,naver
찌질하고졸렬한4성장군,1,naver
대통령?,1,naver
언놈이?ㅋㅋㅋ,1,naver
설마,1,naver
치졸하고,1,naver
찔찔짜는,1,naver
짜지리,1,naver
똥별보다,1,naver
났다.,1,naver
범죄자,1,naver
특별기에,1,naver
태우고오는짓보다는,1,naver
굿입니다요,1,naver
났을때,1,naver
청와대에서,1,naver
무대응,1,naver
했으면,1,naver
되는걸,1,naver
굳이,1,naver
그런적없다,1,naver
구리치니,1,naver
반박하지,1,naver
ㅋㅋ,1,naver
대통령이랑,1,naver
말이라도,1,naver
맞춰,1,naver
오던가.,1,naver
들키니,1,naver
민망해서,1,naver
그런가?,1,naver
개그하냐,1,naver
쪽팔리니까,1,naver
고상하게포장을하는군나,1,naver
계속,1,naver
연락한,1,naver
사람보고,1,naver
말하는거,1,naver
맞지,1,naver
",,,?",1,naver
대통형실에,1,naver
가짜로,1,naver
발표한건?,1,naver
찢넘이,1,naver
그런적없다고,1,naver
거짓말하니,1,naver
진실을,1,naver
말해야지,1,naver
nan,7,naver
당신이나,1,naver
하삼,1,naver
2017년국힘배신자,1,naver
1세대,1,naver
멤버.,1,naver
당신이,1,naver
어딜,1,naver
가든,1,naver
우린,1,naver
관심없다.,1,naver
당신,1,naver
때의,1,naver
국힘,1,naver
아니다.,1,naver
근처,1,naver
얼씬거릴,1,naver
생각하지마라.,1,naver
찌질,1,naver
ㅋㅋㅋㅋ,1,naver
시정,1,naver
잡배도,1,naver
승민이,1,naver
보다낫다,1,naver
깜도,1,naver
안되는게,1,naver
개가,1,naver
웃을일,1,naver
저런거에,1,naver
충성한,1,naver
쫄따구들이,1,naver
거시기하네,1,naver
아마,1,naver
윤석렬이,1,naver
너에게전화했다면??????,1,naver
안봐도,1,naver
비데오네~~,1,naver
찌질?,1,naver
민주야,2,naver
이혜훈,1,naver
나는데,1,naver
미쳤다고,1,naver
이죄명이,1,naver
전화,1,naver
받겠냐?,1,naver
하여튼,1,naver
이죄명과,1,naver
"더불어공산당,",1,naver
계략질,1,naver
하나,1,naver
만큼은,1,naver
해.,1,naver
통일교,1,naver
이재멍게이트,1,naver
특검실시해라..,1,naver
제안하고,1,naver
그런,1,naver
사실,1,naver
없다고,1,naver
잡아,1,naver
떼는,1,naver
놈은,1,naver
뭐냐?,1,naver
사기꾼?,1,naver
온잦비리가,1,naver
의심스러운,1,naver
양반이,1,naver
물을,1,naver
"흐리려고하네,...",1,naver
아니,1,naver
딸랑거리는걸까?,1,naver
우리나라,1,naver
역사상,1,naver
최악의,1,naver
장군...저런게,1,naver
별을,1,naver
달았다니...순국장병들이,1,naver
통탄할일이다.,1,naver
거절했으면,1,naver
넘어갈것이지,1,naver
그걸,1,naver
떠드나?,1,naver
그럼,2,naver
이제,1,naver
와서?,1,naver
몸값이,1,naver
이정도요--과시하려고.,1,naver
그래서,1,naver
그나마,1,naver
진정한,1,naver
보스는,1,naver
이네,1,naver
내란아니라고,1,naver
하면,1,naver
거품물고,1,naver
악지르는,1,naver
너가,1,naver
최악이다.,1,naver
겉으로,1,naver
확실하게,1,naver
의사표명을,1,naver
"안했더니,",1,naver
말이,1,naver
나와서,1,naver
해명한,1,naver
거잖아.,1,naver
그게,2,naver
자랑질인데?,1,naver
선거전이니,1,naver
도움이될까,1,naver
제안했겠지,1,naver
대단한거라고,1,naver
이제와서,1,naver
떠벌리는것도,1,naver
우습다,1,naver
이제는,1,naver
총리감리,1,naver
넘치는데,1,naver
굳이~~,1,naver
안했으니,1,naver
안했다고,1,naver
하는데,1,naver
문제있어,1,naver
그런일없다,1,naver
한건,1,naver
ㆍ꼬라지,1,naver
하고는,1,naver
4성장군이,1,naver
국군,1,naver
망신,1,naver
시키심.,1,naver
정치군인,1,naver
똥별,2,naver
설쳐,1,naver
즐라도,1,naver
냄새,1,naver
팍팍,1,naver
풍기는데,1,naver
~~~,1,naver
자중,1,naver
해라,1,naver
사실을,1,naver
사실대로,1,naver
얘기,1,naver
것을,1,naver
비나하는,1,naver
찌질이,1,naver
찌질하다고?,1,naver
제일,1,naver
비겁하고,1,naver
뒤도,1,naver
숨기고,1,naver
있는,1,naver
자는,1,naver
누구인가?,1,naver
지들끼리,1,naver
북치고,1,naver
장구치다,1,naver
본인이,1,naver
한마디,1,naver
찌질하단다,1,naver
관심받고싶어하는,1,naver
재명이가,1,naver
제시,1,naver
한것은,1,naver
없는,1,naver
같은데...그냥,1,naver
연락을,1,naver
취했다는,1,naver
뿐....승민이,1,naver
혼자,1,naver
상상하는,1,naver
같구만..,1,naver
이래서,2,youtube
배임죄,2,youtube
폐지하는구나ㅋ,1,youtube
50억,5,youtube
클럽들,1,youtube
다시,1,youtube
처벌,1,youtube
제대로,1,youtube
해라~!!,1,youtube
무슨,7,youtube
모범적,3,youtube
공익사업이야...,1,youtube
원주민들한테,1,youtube
삥듣은,1,youtube
사업이지..,1,youtube
원주민들,1,youtube
겁나,1,youtube
욕함,1,youtube
쥐를,2,youtube
잡자,1,youtube
잡자~^^,1,youtube
폐지,1,youtube
하려고?,1,youtube
ㅋㅋㅋㅋㅋㅋㅋ,2,youtube
나쁜넘들,1,youtube
사법부가,3,youtube
간만에,1,youtube
정상,1,youtube
판결햇네,1,youtube
말이,3,youtube
"되나,.,",1,youtube
그런,2,youtube
결정을,1,youtube
시장,1,youtube
결재도,1,youtube
없이..?,1,youtube
여태껏,1,youtube
공익은,2,youtube
한푼도,1,youtube
환수못하고,1,youtube
민간기업이,1,youtube
다가져갔는데,1,youtube
이런건,2,youtube
무슨죄일까?,1,youtube
감빵가라,1,youtube
공익사업이라도,1,youtube
불법,1,youtube
있다면,1,youtube
죄값을,1,youtube
받아야지,1,youtube
범죄,2,youtube
우두머리,4,youtube
빨랑,1,youtube
재판,10,youtube
받아라,3,youtube
사기꾼아,1,youtube
법앞에,1,youtube
그누구도,1,youtube
예외가,1,youtube
있어서는,1,youtube
안되,1,youtube
4달,1,youtube
대통령,4,youtube
맛보기,1,youtube
해봣으면,1,youtube
됫어,1,youtube
이재명,13,youtube
구속수사해라,1,youtube
판결해서,1,youtube
법정,1,youtube
구속하라,2,youtube
속행,1,youtube
하자.,1,youtube
어차피,1,youtube
총리도,1,youtube
똑같은,1,youtube
부류라,1,youtube
의미,1,youtube
없다만.,1,youtube
대장동,16,youtube
몸통은,3,youtube
윤석열,2,youtube
이라고,1,youtube
개풀뜯는,1,youtube
소리한,1,youtube
민주당이,2,youtube
조용할까?,1,youtube
윤석열이라며,1,youtube
ㅋㅋㅋㅋㅋ,4,youtube
깜빵,1,youtube
날이,2,youtube
얼마,2,youtube
안남았네,1,youtube
수괴를,1,youtube
잡아넣어라,2,youtube
드가자,1,youtube
ㅋㅋㅋ,7,youtube
역대,1,youtube
대한민국도시개발에서,1,youtube
개발과,1,youtube
비슷한,2,youtube
규모,1,youtube
이상의,1,youtube
개발에서,1,youtube
5천억원,1,youtube
이상,2,youtube
환수한,1,youtube
사례를,1,youtube
제시해봐라..,1,youtube
없다..부산,1,youtube
엘시티도,2,youtube
적자다..,1,youtube
뭐가,2,youtube
문재인건지,1,youtube
이재명확하쥬?,1,youtube
대한민국,2,youtube
최대라고한,1,youtube
ㅇㅈㅁ,1,youtube
괘씸죄로,1,youtube
강력처벌해야는거,1,youtube
아님?,1,youtube
잡범들의,1,youtube
놀이터,1,youtube
백현동....,1,youtube
언론과,1,youtube
법원의,1,youtube
컴비네이션,1,youtube
심리전,1,youtube
시작인가?,1,youtube
본인이,3,youtube
저거,2,youtube
말하면서도,1,youtube
쪼개고,1,youtube
있는거,1,youtube
나만,1,youtube
"소름이냐,,",1,youtube
공익사업,3,youtube
웃기는,1,youtube
개소리하지마라.너의,1,youtube
욕심많은,1,youtube
자금줄이었다!,1,youtube
아수라,1,youtube
ㅋㅋ,9,youtube
그당시,2,youtube
시장이,1,youtube
이들이,1,youtube
부당수익을,1,youtube
많이,1,youtube
가져,1,youtube
가는,2,youtube
것도,1,youtube
몰랐다면,1,youtube
직무유기로,1,youtube
지금이라도,1,youtube
수사를,1,youtube
받아야,1,youtube
한다,1,youtube
엘씨티는,2,youtube
거긴,1,youtube
이익이,2,youtube
아니라,1,youtube
적자엿딘메?,1,youtube
사기,1,youtube
단군이래,2,youtube
최대의,1,youtube
치적,1,youtube
미친....ㅋㅋㅋㅋㅋㅋㅋㅋㅋㅋㅋㅋㅋㅋㅋ,1,youtube
최후가,1,youtube
궁금하다.,1,youtube
어떻게,1,youtube
꼼수,1,youtube
부릴지,1,youtube
극형,1,youtube
아냐?,1,youtube
재맹의칼날:대장동마을편,1,youtube
개봉,1,youtube
ㄷㄷ,2,youtube
JTBC,1,youtube
MBC,2,youtube
아무말도,1,youtube
안함,1,youtube
민주당,2,youtube
민주노총,1,youtube
방송,2,youtube
ㅋㅋㅋㅋㅋㅋㅋㅋㅋ,1,youtube
재명이,4,youtube
탄핵안되게,1,youtube
지켜라,1,youtube
나가면,1,youtube
JTBC부터,1,youtube
부숴지니까,1,youtube
공익,4,youtube
사업을,3,youtube
빙자,1,youtube
도둑질,1,youtube
하기.,1,youtube
공익사업은,1,youtube
대법관,1,youtube
증원해서,1,youtube
무죄로,1,youtube
만들것임.,1,youtube
계엄이나,1,youtube
폭정이나,1,youtube
똑같음..,1,youtube
화난다,1,youtube
증말..대한민국이,1,youtube
어쩌다가,1,youtube
성남시,6,youtube
투자,1,youtube
5척억,1,youtube
이득은,1,youtube
공익이,1,youtube
아니다?,1,youtube
그럼,7,youtube
부산,3,youtube
"엘시티는?,",1,youtube
부산시는,1,youtube
1천억,1,youtube
투자해서,1,youtube
이익금,1,youtube
0원.,1,youtube
이건,1,youtube
뭔데?,1,youtube
재개해야지?,1,youtube
이번,1,youtube
판결,1,youtube
같이,2,youtube
받았으면,1,youtube
전과,1,youtube
6범이네,1,youtube
1찍들아~뭐하냐?,1,youtube
사법부의,1,youtube
앞으로,2,youtube
다가왔는데~빨리,1,youtube
사법부,3,youtube
없애라~,1,youtube
그리도,1,youtube
감이,1,youtube
떨어지냐?,1,youtube
대문,1,youtube
앞에,1,youtube
마중,1,youtube
나와있잖아~~허리업,1,youtube
×됐네.ㅋㅋㅋㅋㅋㅋㅋㅋ,1,youtube
한동훈이,1,youtube
옳았다.,1,youtube
찢은?,1,youtube
왠일로,1,youtube
1찍들,1,youtube
조용하네?,1,youtube
ㅎㅎ,1,youtube
아직도,2,youtube
지지를하는,1,youtube
자들은,1,youtube
공범이냐???,1,youtube
내생각엔,1,youtube
지금은,3,youtube
법원이하느님이다,1,youtube
헌법,2,youtube
개무시하고,1,youtube
내로남불인데,1,youtube
거꾸로,1,youtube
헌법소추로,1,youtube
안받고,1,youtube
보호받는게,1,youtube
왜케,1,youtube
웃기냐.,1,youtube
대장동같은,1,youtube
사업을하면,1,youtube
5천억,1,youtube
이상은,1,youtube
기본적으로,1,youtube
환수함..,1,youtube
그리고,1,youtube
대장동이,3,youtube
터지기전,1,youtube
자신의,2,youtube
최대치적이라구,1,youtube
선거에서,1,youtube
적극적으로,2,youtube
활용했는데,1,youtube
터진후,1,youtube
대장동에,2,youtube
아무런말도,1,youtube
못하구,1,youtube
국개의원선거,1,youtube
대통령선거에,1,youtube
활용못한,1,youtube
이유가,1,youtube
뭐냐구....,1,youtube
아무런,1,youtube
문제가없구,1,youtube
최대치적이면,1,youtube
국개의원,1,youtube
선거에도,2,youtube
활용했어야,1,youtube
정상아니여.....,1,youtube
대선,1,youtube
홍보물,1,youtube
어디에도,1,youtube
대해서,1,youtube
언급한것도,1,youtube
없다.,1,youtube
최대치적인데,1,youtube
대선에서,1,youtube
홍보안한,1,youtube
이유나,1,youtube
설명해봐....,1,youtube
주범,1,youtube
이죄명을,1,youtube
역시,1,youtube
이죄멍이,1,youtube
나쁜놈이었슴.,1,youtube
저건,1,youtube
이재명을,4,youtube
"지지하던,",1,youtube
반대하던.,2,youtube
성남시와,1,youtube
원주민들에겐,1,youtube
매우,1,youtube
손해이고요.,1,youtube
성남시는,2,youtube
공원,1,youtube
하나,2,youtube
지은,1,youtube
다고요.,1,youtube
천화동인이,1,youtube
막대한,5,youtube
이익을,5,youtube
싹슬이,1,youtube
갔죠.,1,youtube
헌정,1,youtube
사상,1,youtube
민주주의,1,youtube
체제에서,1,youtube
독자,1,youtube
기업이,1,youtube
저렇게,1,youtube
싹쓸이,1,youtube
하고도,1,youtube
멀쩡하다는,1,youtube
정상은,1,youtube
아닌,2,youtube
구조죠.,1,youtube
심지어,1,youtube
모든,4,youtube
과정을,1,youtube
전부,1,youtube
"보면,",1,youtube
특정,2,youtube
누군가를,1,youtube
밀어주려는,1,youtube
누가봐도,2,youtube
보이죠?,1,youtube
요즘은,1,youtube
중학생들도,1,youtube
알던데.,1,youtube
민주당을,1,youtube
지지하던,1,youtube
상식적인,1,youtube
"국민,",1,youtube
법리적인,1,youtube
국민이라면,1,youtube
당연히,2,youtube
이상시,1,youtube
여기는,1,youtube
정상입니다.,1,youtube
지금,2,youtube
법원이,3,youtube
신뢰받고,1,youtube
있는가?,1,youtube
똑같이,3,youtube
적용해,1,youtube
부산엘시티,1,youtube
사업은?,1,youtube
현지는?,1,youtube
ㅆㅂ...그러면,1,youtube
머냐??????????????????ㅠㅠㅠㅠㅠㅠㅠㅠㅠㅠㅠㅠㅠㅠㅠ,1,youtube
여기서,1,youtube
말하는,1,youtube
공익이란,1,youtube
결탁,1,youtube
공동체의,1,youtube
이익.이니,1,youtube
판결과,1,youtube
모순되는,1,youtube
아니다.,1,youtube
재판받아라.,1,youtube
이것,1,youtube
맞는,1,youtube
분석이라고,1,youtube
생각하나?,1,youtube
기자니마..,1,youtube
개발업자가,1,youtube
먹은거지.,1,youtube
다른,3,youtube
지자체랑,1,youtube
비교해봐...,1,youtube
답답한,1,youtube
기자니마,1,youtube
티비쪼선으로,1,youtube
가는게,1,youtube
적절할줄,1,youtube
천하동인법인,1,youtube
8000,1,youtube
억원은,1,youtube
국가환수되나?,1,youtube
이런,1,youtube
원리면,1,youtube
강원도,1,youtube
레고,1,youtube
랜드사건은,1,youtube
완전,1,youtube
무기,1,youtube
징역,1,youtube
감이네???법원아,1,youtube
정신,2,youtube
차려라...,1,youtube
수괴,1,youtube
이죄멍,1,youtube
속개하라!!!!!,1,youtube
대통령님,1,youtube
그렇게,7,youtube
당당하고,1,youtube
옳은일이시면,1,youtube
재판에서,2,youtube
시시비비,1,youtube
가리세요,1,youtube
내란혐의에는,1,youtube
엄격하면서,1,youtube
자기가,1,youtube
한짓들엔,1,youtube
굉장히,1,youtube
관대하시네요,1,youtube
전국의,1,youtube
지자체장,1,youtube
해야.,1,youtube
개인업자들이,1,youtube
수천억,2,youtube
해처먹었는데,1,youtube
얼어죽을,1,youtube
공익사업아냐,1,youtube
단군,1,youtube
이래,1,youtube
최대,5,youtube
치적이라매,1,youtube
증명해보던지,1,youtube
지지율,1,youtube
99.9퍼,1,youtube
나오겟다,1,youtube
공사는,1,youtube
판사들의,1,youtube
판단하에,1,youtube
하되.,1,youtube
판단에,1,youtube
책임마저도,1,youtube
판사가,2,youtube
지게합시다.,1,youtube
저런,1,youtube
사업에서,1,youtube
시민,1,youtube
이익,6,youtube
챙겨준,1,youtube
지자체,1,youtube
있긴,1,youtube
한가,1,youtube
5천억환수했다는건,1,youtube
그만큼,1,youtube
시민들,1,youtube
등골,1,youtube
먹었다는,1,youtube
건데,1,youtube
건설사가,1,youtube
원주민,1,youtube
헐값에,1,youtube
삥뜯고,1,youtube
성남시에서,1,youtube
초과이익환수조항도,1,youtube
없애서,1,youtube
민간업자들만,1,youtube
폭리를취했는데,1,youtube
모범적사업,1,youtube
오호..!!,1,youtube
초과이익,1,youtube
횡령..ㅋㅋㅋㅋㅋㅋㅋㅋㅋ,1,youtube
킹용,1,youtube
위증교사수괴,1,youtube
김ㅎㅈ를,1,youtube
처벌하라,1,youtube
사법이,1,youtube
개판이니까....,1,youtube
사업이,2,youtube
사업??,1,youtube
였어???,1,youtube
공범사업,1,youtube
였겠지????,1,youtube
공익사업.,1,youtube
저런게,1,youtube
어떨게,1,youtube
사시를,1,youtube
통과했는지,1,youtube
조사해보자,1,youtube
나라,3,youtube
법원은,5,youtube
문제가,2,youtube
크다..사업가들,1,youtube
"사기꾼,전과자",1,youtube
양산한다..지들,1,youtube
먹구살라구..빌려,1,youtube
못갚은것두,1,youtube
사기루,1,youtube
만들어,1,youtube
버리니..보피나..그런.진짜,1,youtube
작정한사기꾼하고,1,youtube
보니,1,youtube
어느시장이,1,youtube
시장처럼,1,youtube
한사람,1,youtube
있나요,1,youtube
"“이재명,",1,youtube
428억,1,youtube
뇌물,1,youtube
약속,1,youtube
승인”,1,youtube
공소장,1,youtube
적시,1,youtube
이렇게,5,youtube
해라,1,youtube
앞뒤,1,youtube
맥락도,1,youtube
모르면서,1,youtube
어쩌구,1,youtube
저쩌구,1,youtube
하는,2,youtube
분들,1,youtube
알아,1,youtube
보세요..이상한,1,youtube
하시지,1,youtube
말고요...정중히,1,youtube
부탁,1,youtube
드립니다,1,youtube
떳떳하면,1,youtube
재판받아서,1,youtube
무죄받으시오.,1,youtube
뒷돈,1,youtube
받은,2,youtube
곽상도도,2,youtube
그러더니,1,youtube
이해하지,1,youtube
못할,1,youtube
판단을,1,youtube
내린다~!!,1,youtube
객기를,1,youtube
부린다는,1,youtube
냄새가,1,youtube
농후하다,1,youtube
사건의,1,youtube
몸통이,1,youtube
“수뇌부”라는,2,youtube
인간이라고,1,youtube
하네요.,1,youtube
자를,1,youtube
법정에,1,youtube
세웁시다!,1,youtube
리통의,1,youtube
혐의도,1,youtube
풀리지,1,youtube
않을까요?,1,youtube
김현지,1,youtube
특검,2,youtube
12개혐의,1,youtube
5개재판,1,youtube
속개하라!!!,1,youtube
자~,1,youtube
드가자~,1,youtube
만배,2,youtube
따라,1,youtube
가자,1,youtube
따까리,1,youtube
800만원으로,1,youtube
100억이상,1,youtube
버는방법,1,youtube
ㅋㅋㅋㅋㅋㅋ,2,youtube
판사님들.,1,youtube
안무서워요?,1,youtube
누구를,1,youtube
위해,2,youtube
있을까,1,youtube
국민의,1,youtube
편에,1,youtube
있지는,1,youtube
않은,1,youtube
핵추진,1,youtube
승인은,1,youtube
잘했는데,1,youtube
받을건,1,youtube
죄가,1,youtube
없으면,1,youtube
임기,1,youtube
끝나고라도,1,youtube
당장,1,youtube
조만간,1,youtube
탄핵,1,youtube
되겠네,1,youtube
저도시개발,1,youtube
원리를,1,youtube
알기나할까?저판사논리라면,1,youtube
부산의엘시티그밖의,1,youtube
정부발주공사는,1,youtube
불법이라는,1,youtube
얘기다.,1,youtube
목숨,1,youtube
걸고,1,youtube
오징어,1,youtube
게임,1,youtube
1등을,1,youtube
17번,1,youtube
해야,2,youtube
8천억을,1,youtube
있다.,1,youtube
영화,1,youtube
언제,1,youtube
나오냐,1,youtube
아닌가?,2,youtube
개딸,1,youtube
총동원령,1,youtube
시동걸었나,1,youtube
관련자들,1,youtube
유죄인데,1,youtube
해먹은거든,1,youtube
아니든,1,youtube
시장으로,1,youtube
주관해서,1,youtube
개발사업이고,1,youtube
과정에서,1,youtube
해쳐먹은,1,youtube
사람들이,1,youtube
드러났는데,1,youtube
일반,2,youtube
기업,1,youtube
대표도,1,youtube
아니고,1,youtube
선출직,1,youtube
공무원인데,1,youtube
대통령까지,1,youtube
사람이,2,youtube
책임져야지,1,youtube
비리가,1,youtube
드러난것,1,youtube
자체가,1,youtube
비리사업,1,youtube
부정사업인거다,1,youtube
성공을,1,youtube
논할,1,youtube
가치가,1,youtube
없어,1,youtube
특검해야지,1,youtube
특검거부하는,1,youtube
놈.,1,youtube
범인이다,1,youtube
이제,3,youtube
짜이밍,1,youtube
차례,1,youtube
빨리,3,youtube
헤더,1,youtube
잡아가자~,1,youtube
50억클럽,1,youtube
특검하라!,1,youtube
사업은,1,youtube
공짜로,1,youtube
수익내는것이다,1,youtube
"사기꾼들,",1,youtube
시간,1,youtube
끌지말자,1,youtube
먼개소리야,1,youtube
그래서,3,youtube
국힘,1,youtube
애들이,1,youtube
50억씩,3,youtube
나눠가졌나,1,youtube
그동안,1,youtube
수많은,2,youtube
기업인들은,1,youtube
배임죄로,2,youtube
감방에,1,youtube
"쳐넣어놓고,",1,youtube
본인은,1,youtube
내란죄를,1,youtube
권력으로,1,youtube
없애버리고,1,youtube
빠져나가시겠다????,1,youtube
이게,4,youtube
진정한,1,youtube
내란독재세력,1,youtube
단한푼,1,youtube
회수못하고,1,youtube
1조나,1,youtube
쳐먹은,1,youtube
엘시티나,1,youtube
수사해라,1,youtube
시작이냐?,1,youtube
1조가,1,youtube
저들에게,1,youtube
뻔한걸,1,youtube
그나마,2,youtube
반이라도,1,youtube
건진걸,1,youtube
반대로,1,youtube
말하냐?,1,youtube
검사들이,1,youtube
말히나고,1,youtube
시켰다고,1,youtube
저들이,1,youtube
진술했잖아.,1,youtube
현지,1,youtube
손잡고,1,youtube
들어가,1,youtube
특검.,1,youtube
거부.,1,youtube
한놈이.,1,youtube
주범.,1,youtube
50억은.,1,youtube
뇌물.,1,youtube
잼칠라,1,youtube
오세훈이는,1,youtube
가루가,1,youtube
대겠네,1,youtube
받아라.,1,youtube
이놈아,1,youtube
본인,1,youtube
입으로,1,youtube
치적이라더니...,1,youtube
진행해라,1,youtube
끌어내라ㅡㅡㅡㅡ,1,youtube
나라가,1,youtube
혼란에서,1,youtube
벋어날수있다,1,youtube
불법해도,2,youtube
된다고,2,youtube
헌법에,2,youtube
명시돼냐.?,1,youtube
공직자는,1,youtube
명시했냐.?,1,youtube
전형적인,1,youtube
범죄자들의,1,youtube
구차한,1,youtube
변명...,1,youtube
국가와,1,youtube
민족을,1,youtube
범죄를,1,youtube
저질렀다.?,1,youtube
개소리..?,1,youtube
북한에,1,youtube
죽은,1,youtube
김일성.김정일이냐.?,1,youtube
아님,1,youtube
풍산개.?,1,youtube
김정은이냐.?,1,youtube
아니,1,youtube
청나라,1,youtube
판다인듯...,1,youtube
잡아넣고,2,youtube
이재명도,1,youtube
싹잡아넣어라,1,youtube
대장동으로,2,youtube
돈받은,1,youtube
놈이,1,youtube
국힘당과,1,youtube
검사,1,youtube
판사,1,youtube
놈들인데,1,youtube
이재명이,10,youtube
죄가있어,1,youtube
죄명은,2,youtube
배임인데,1,youtube
배임죄를,2,youtube
없애겠다고,1,youtube
이재명은,5,youtube
국민,2,youtube
앞에서,1,youtube
뻔뻔하게,1,youtube
거짓말하는,1,youtube
특징이,1,youtube
있어,1,youtube
사업,3,youtube
처음,1,youtube
시작때는,1,youtube
약간,1,youtube
보는,1,youtube
정도,1,youtube
였는데,1,youtube
분양시,1,youtube
부동산이,1,youtube
엄청나게,1,youtube
올라서,1,youtube
조단위,1,youtube
난건데,1,youtube
미래,1,youtube
예측,1,youtube
못해서,1,youtube
배임이라고,1,youtube
5천억대,1,youtube
성남시로,1,youtube
회수,1,youtube
했는데,4,youtube
어쩌라고,1,youtube
환수,3,youtube
하라고?,1,youtube
공산당이냐,1,youtube
ㅋㅋㅋㅋ,2,youtube
개발이닉,1,youtube
전체,1,youtube
하게,1,youtube
민간업자,2,youtube
끌어들인,1,youtube
현재,1,youtube
야당은,1,youtube
무죄인가?,1,youtube
당신이,1,youtube
모범,1,youtube
이라며,1,youtube
모두구속,1,youtube
빠져네,1,youtube
법은,1,youtube
모두에게,1,youtube
공정,1,youtube
해야한다,1,youtube
이라도,1,youtube
하기,1,youtube
바란다,1,youtube
누가,3,youtube
썼나요?,1,youtube
뒤에서,1,youtube
구린,1,youtube
하면,3,youtube
당신들한테,1,youtube
역살,1,youtube
맞을,1,youtube
겁니다.,1,youtube
매국,1,youtube
언론,1,youtube
똑바로,1,youtube
안하나?,1,youtube
거짓말,1,youtube
한다도,1,youtube
생각했는데,1,youtube
생각이,1,youtube
바뀜.,1,youtube
야는,1,youtube
세상이,1,youtube
자기를,1,youtube
중심으로,1,youtube
돈다고,1,youtube
생각하는,2,youtube
아픈,1,youtube
사람임,1,youtube
대장동은,1,youtube
단국이래,1,youtube
부패범죄,1,youtube
범죄자가,2,youtube
없다,1,youtube
거짓말쟁이,1,youtube
검찰,1,youtube
법원,4,youtube
해체하라,1,youtube
sbs에,1,youtube
펨코충,1,youtube
아니면,3,youtube
2찍이,1,youtube
제목장사,1,youtube
하는구낭?,1,youtube
이악물고,1,youtube
팩트를,2,youtube
못본척,1,youtube
살림살이,1,youtube
나아지니?,1,youtube
증거,1,youtube
몇가지만,1,youtube
제시해,1,youtube
볼래?,1,youtube
온갖,1,youtube
증거들은,1,youtube
이재명의,1,youtube
업적만,1,youtube
증명해,1,youtube
주는,1,youtube
꼴인데,1,youtube
5000억,2,youtube
"공익환수,",1,youtube
일당들과,1,youtube
달린,1,youtube
것들은,1,youtube
죄다,3,youtube
"국짐것들,",1,youtube
곽상도,1,youtube
아들,2,youtube
퇴직금은,1,youtube
어떻구?,1,youtube
재밌지,1,youtube
해체는,1,youtube
불가피,1,youtube
초코파이,1,youtube
사건은,1,youtube
유죄!,1,youtube
50억은,1,youtube
무죄!,1,youtube
라니...,1,youtube
죄를,2,youtube
지어도,1,youtube
돈과,1,youtube
권력이,1,youtube
"있고,",1,youtube
민주당이랑,1,youtube
이재명에,1,youtube
붙으면,1,youtube
돈도,1,youtube
"얻고,",1,youtube
죄도,1,youtube
무죄가,1,youtube
되는,1,youtube
세상이라는게....,1,youtube
박근혜정부당시,1,youtube
국힘의원들,1,youtube
받았는데,1,youtube
범죄자냐,1,youtube
초딩도,1,youtube
웃겠다,1,youtube
다른지역,1,youtube
기관장들,1,youtube
전부다,1,youtube
범죄자,2,youtube
아니냐,1,youtube
환수라도했지,1,youtube
지자체에서,1,youtube
환수한놈,1,youtube
어디있으면,1,youtube
말해봐라,1,youtube
헛소리,2,youtube
그만하고,1,youtube
국짐놈들,1,youtube
클럽,1,youtube
수사나해라,1,youtube
공익사업???,1,youtube
이완용이가,1,youtube
애국자라고,1,youtube
소리와,1,youtube
같은거지,1,youtube
일명,1,youtube
까는소리지,1,youtube
제발,1,youtube
까는소리좀,1,youtube
하지마라,1,youtube
판결문에,1,youtube
몰랐다라고,1,youtube
나왔는데...음...,1,youtube
알았다,1,youtube
왜그리,1,youtube
못잡아,1,youtube
먹어서,1,youtube
안달이,1,youtube
났는지.,1,youtube
국정운영을,1,youtube
잘할지,1,youtube
극우보수들은,1,youtube
알고,1,youtube
있었지.,1,youtube
그러니,1,youtube
제거,1,youtube
할려,1,youtube
했구나.,1,youtube
국힘은,1,youtube
반국가세력이고,1,youtube
자기이익만,1,youtube
쫒는자들이다.,1,youtube
자기들,1,youtube
권력에만,1,youtube
눈먼자들이다.,1,youtube
죄명이는,1,youtube
추후에,1,youtube
반드시,1,youtube
엄벌해야한다!!!,1,youtube
공익사업에,1,youtube
7000억,1,youtube
드셨구나!,1,youtube
그런데,1,youtube
이걸,2,youtube
설계해놓고,1,youtube
공익사업으로,1,youtube
포장해놓고,1,youtube
뒤에서는,1,youtube
7000억원,1,youtube
챙기는게,1,youtube
말이되는건지,1,youtube
2심은,1,youtube
무죄,2,youtube
나오고,1,youtube
3심에,1,youtube
파기환송,1,youtube
됩니다.,1,youtube
고등법원은,1,youtube
이미,1,youtube
손봐놯습니다.,1,youtube
아마,1,youtube
5년,1,youtube
후에,1,youtube
결과,1,youtube
나오지,1,youtube
않을,1,youtube
까여ㅋㅋㅋㅋ,1,youtube
좋아하시네,1,youtube
그따위로,1,youtube
번만,1,youtube
망하것다.,1,youtube
사기꾼들이,1,youtube
판을,1,youtube
치냐,1,youtube
아빠집을,1,youtube
유죄받은,1,youtube
김만배,1,youtube
친누나가,1,youtube
샀다ㅋㅋ,1,youtube
이런빼박증거를가지고도,1,youtube
수사도안하는건뭘까?,1,youtube
주장하는,1,youtube
"5,503억",1,youtube
원은,1,youtube
실제,1,youtube
"이익(1,800억원",1,youtube
대)이,1,youtube
비용(원래,1,youtube
지출되어야,1,youtube
확보된,1,youtube
예산)을,1,youtube
포함해,1,youtube
부풀려진,1,youtube
숫자임.,1,youtube
착시를,1,youtube
일으키는,1,youtube
사기적,1,youtube
주장임.,1,youtube
설령,1,youtube
금액을,1,youtube
환수했다,1,youtube
"치더라도,",1,youtube
"""의도적으로",1,youtube
'초과,1,youtube
환수'를,1,youtube
포기해,1,youtube
민간업자에게,1,youtube
특혜를,1,youtube
배임,1,youtube
"행위""에",1,youtube
대한,1,youtube
저촉됨.,1,youtube
성남시에,2,youtube
줄거면,1,youtube
초과이익의,1,youtube
조항을,1,youtube
의도적으로,1,youtube
삭제했겠음?,1,youtube
그건,1,youtube
결과를,1,youtube
보면,3,youtube
알지.,1,youtube
수천억의,1,youtube
초과이익을,1,youtube
가져갔는가?,1,youtube
저기,1,youtube
재판받은,1,youtube
측근들~,1,youtube
결국,1,youtube
민주당도,1,youtube
배임죄에,1,youtube
걸릴걸,1,youtube
"아니까,",1,youtube
없애버리려고,1,youtube
하잖어~,1,youtube
이놈,1,youtube
때문에,2,youtube
우리나라의,1,youtube
보편적,1,youtube
도덕,1,youtube
기준이,1,youtube
바닥을,1,youtube
치고있다.,1,youtube
얼른,1,youtube
내려와라,1,youtube
재명아..,1,youtube
4개월도,1,youtube
길었다.,1,youtube
법조,1,youtube
카르텔,1,youtube
시동,1,youtube
걸었냐?,1,youtube
찍찍이들아,1,youtube
아무리,2,youtube
발악해봐,1,youtube
우리나라,1,youtube
안망해,1,youtube
따지만,1,youtube
배임이지,1,youtube
버는,1,youtube
쪽과,1,youtube
손해보는,1,youtube
쪽이,1,youtube
존재할텐데..,1,youtube
유동규가,2,youtube
428억의,1,youtube
그분이라고,1,youtube
밝혀졌는대..,1,youtube
기사를,1,youtube
이따위로,1,youtube
쓰지?,1,youtube
5500억을,1,youtube
환수했는데,1,youtube
그게,1,youtube
배임?,1,youtube
빚내서,1,youtube
집사라던,1,youtube
때에,1,youtube
국짐,2,youtube
놈들의,1,youtube
어거지,1,youtube
안할걸,1,youtube
억지로,1,youtube
하면서,1,youtube
거기서도,1,youtube
5500억,1,youtube
땡겨서,1,youtube
안겨줬으면,1,youtube
훈장이라도,1,youtube
줘야,1,youtube
하는거,1,youtube
아님??,1,youtube
공정하게,1,youtube
재판받자,1,youtube
무죄받고,1,youtube
대통령계속하세요,1,youtube
손해라는,1,youtube
증거를,1,youtube
대봐.,1,youtube
정신나간거냐?,1,youtube
대법원은,1,youtube
공평하게,1,youtube
국힘도,1,youtube
재판해라,2,youtube
대장동우두머리,1,youtube
재판재개하라!!!,1,youtube
뛰어나게,1,youtube
수익을,2,youtube
내도,1,youtube
문제라네.,1,youtube
위험성,1,youtube
투자도,1,youtube
아닌데.,1,youtube
안전성을,1,youtube
따지냐.,1,youtube
민간과,1,youtube
지자치단체가,1,youtube
공동,1,youtube
개발이,1,youtube
안전성이,1,youtube
담보되지,1,youtube
않았다는,1,youtube
ㄱ논리는,1,youtube
어디서,1,youtube
짜낸거니?,1,youtube
ㄱ논리야.,1,youtube
논리면,1,youtube
공무원이,1,youtube
재량으로,1,youtube
있는게,1,youtube
없지.,1,youtube
열심히,1,youtube
일하는,1,youtube
나오냐?,1,youtube
현상유지만,1,youtube
하려하지.,1,youtube
판사들,1,youtube
감옥가야,1,youtube
정신차리지,1,youtube
싹었다,1,youtube
어이가,1,youtube
없네~,1,youtube
보는쪽에,1,youtube
원래,1,youtube
수익보다,1,youtube
적은,1,youtube
가져가게,1,youtube
한것도,1,youtube
사업자입장에서는,1,youtube
손해인데,1,youtube
도대체,1,youtube
손해라고,1,youtube
어떤삶을,1,youtube
사는건지,1,youtube
이해가,1,youtube
안되네.,1,youtube
대통령은,1,youtube
개발이익환수,1,youtube
하라는,1,youtube
법적,1,youtube
근거는,1,youtube
있나?,1,youtube
원희룡,1,youtube
제주개발,1,youtube
벌었나?,1,youtube
준표와,1,youtube
형준이는?,1,youtube
시장은,1,youtube
없어도,1,youtube
무죄?,1,youtube
사법,2,youtube
개혁의,1,youtube
절대,1,youtube
필요,1,youtube
하다,1,youtube
한심한,1,youtube
"스브스,",1,youtube
직원,1,youtube
임찬종,1,youtube
법조기레기가,1,youtube
왜곡,1,youtube
취재를,2,youtube
했는데도,1,youtube
잘못된,1,youtube
받아,1,youtube
검증,1,youtube
없이,1,youtube
보도하는,1,youtube
멍청한,1,youtube
짓을,1,youtube
반복하고,1,youtube
있구나.,1,youtube
건설사,1,youtube
사내방송,1,youtube
수준이,1,youtube
무엇이냐?,1,youtube
재판부,1,youtube
못차리고,1,youtube
마지막,1,youtube
발악하는듯,1,youtube
이재명님이,2,youtube
몸통인데요?,1,youtube
최대치적이라며요?,1,youtube
막았으면,1,youtube
최대무능,1,youtube
알았으먼,1,youtube
같은편,1,youtube
무관한,1,youtube
사람임?,1,youtube
2찍들아,1,youtube
너네뜻대로,1,youtube
결과가,1,youtube
나오거나,1,youtube
세상은,1,youtube
굴러가지,1,youtube
않을거야,1,youtube
왜냐고?,1,youtube
팩트가,1,youtube
아니거든,1,youtube
사실과,1,youtube
증거로,1,youtube
판단하는,1,youtube
검찰이,1,youtube
털어도,1,youtube
나오는게,1,youtube
없어서,1,youtube
니들이,1,youtube
원하는,1,youtube
결론에,1,youtube
도달하지,1,youtube
않을게,1,youtube
우린,1,youtube
뻔한데,1,youtube
너넨,2,youtube
목빠지게,1,youtube
기다리고,1,youtube
있지ㅋㅋㅋㅋ,1,youtube
우끼고,1,youtube
분간,1,youtube
못하는,1,youtube
너네,1,youtube
지능이,1,youtube
안됐어,1,youtube
나는,1,youtube
지금까지,1,youtube
니들,1,youtube
뜻대로,1,youtube
된게,1,youtube
있으면,1,youtube
얘길해봐,1,youtube
없잖아,1,youtube
이재명대통령,1,youtube
10년해야합니다,1,youtube
조희대의,1,youtube
음모,1,youtube
인버스들은,1,youtube
잡고,1,youtube
떠드는거지?,1,youtube
유동규,2,youtube
진술만,1,youtube
믿고,1,youtube
대통령과,1,youtube
주변인물들을,1,youtube
괴롭혔는데..유동규가,1,youtube
범인이라고,1,youtube
밝혀졌는데,1,youtube
개소리야..,1,youtube
SBS심각하네..,1,youtube
중도1인입니다.,1,youtube
국민은,1,youtube
알고있었죠.,1,youtube
이재명에게,1,youtube
뒤집어씌운거죠.,1,youtube
대통,1,youtube
못하게하려고,1,youtube
압수수색을,1,youtube
300회,1,youtube
했다는게,1,youtube
되냐고!,1,youtube
별짓을,1,youtube
다하는군.,1,youtube
사업들을,1,youtube
봐라.어떻게,1,youtube
했는지.,1,youtube
LCT나,1,youtube
수사해라…,1,youtube
비리,1,youtube
덩어리는,1,youtube
지켜만,1,youtube
보냐?,1,youtube
에혀~에혀~진짜,1,youtube
못났다...아직도,1,youtube
가지고,1,youtube
시비털고,1,youtube
앉았냐...대장동,1,youtube
사업에,1,youtube
대해,1,youtube
선동,2,youtube
당하지,1,youtube
말고,2,youtube
스스로,1,youtube
찾아보고,1,youtube
알아봐라,1,youtube
하는지,1,youtube
상식이,1,youtube
있는,1,youtube
이라면,1,youtube
대번에,1,youtube
안다.,1,youtube
이런걸로,1,youtube
당하면,1,youtube
모지리,1,youtube
인정,1,youtube
다들,1,youtube
씨부리는거,1,youtube
막무가네로,1,youtube
욕하네,1,youtube
할거,1,youtube
같으면,1,youtube
니네가,1,youtube
정치,1,youtube
해봐라,1,youtube
전과자,1,youtube
외로워,1,youtube
보입니다,1,youtube
우리국민,1,youtube
모두가,1,youtube
힘이되어,1,youtube
드립시다~~,1,youtube
이죄명은,1,youtube
감방으로,1,youtube
원래는,1,youtube
가저와서,1,youtube
민간공원으로,1,youtube
할라고,1,youtube
국민의짐,1,youtube
의원들이,1,youtube
방해해서,1,youtube
그쯤,1,youtube
한거지,1,youtube
그래놓고,1,youtube
회사에,1,youtube
집어넣어서,1,youtube
꺼억,1,youtube
흐름만,1,youtube
아는내용을,1,youtube
민간이,4,youtube
먹으려고한거,1,youtube
이잼,2,youtube
당시의,1,youtube
성남시가,2,youtube
개입해서,1,youtube
막진,1,youtube
못해도,1,youtube
어느정도,1,youtube
막은건데,1,youtube
탓하네,1,youtube
이긍,1,youtube
정신좀,1,youtube
차려라,1,youtube
몸통은.,1,youtube
윤석일이지.,1,youtube
석열이만,1,youtube
아니였어도,1,youtube
이재명대통령님께서,1,youtube
이런일은,1,youtube
없었을텐데,1,youtube
잼통이,1,youtube
살려놨다,1,youtube
사랑한다,1,youtube
무죄인거다,1,youtube
내란,1,youtube
아직,1,youtube
진행중이다,1,youtube
무슨공익,1,youtube
짜고치는,1,youtube
고스톱,1,youtube
다해쳐먹었는데,1,youtube
?김만배가,1,youtube
해쳐먹은게,1,youtube
공익사업?,1,youtube
구속,3,youtube
구속시키고,1,youtube
야구빠다로,1,youtube
맞자,1,youtube
저게,1,youtube
범죄인데,1,youtube
해먹은걸,1,youtube
찾노,1,youtube
판검사들,1,youtube
증거조작,1,youtube
기소가,1,youtube
만연하단,1,youtube
소리지,1,youtube
크럽,1,youtube
잔당들이,1,youtube
해먹은거,1,youtube
있나,1,youtube
설계자,1,youtube
결재자,1,youtube
안하냐?,1,youtube
전국민을,1,youtube
노예로,1,youtube
부리게,1,youtube
만드냐?,1,youtube
sbs는,1,youtube
좋겠다.,1,youtube
그알,1,youtube
통해서,1,youtube
죽일라고,1,youtube
했자나.,1,youtube
법비들이,1,youtube
꺼내니,1,youtube
조아?,1,youtube
발악을,1,youtube
하는구나,1,youtube
사법을,1,youtube
적패라,1,youtube
하는거임.,1,youtube
SBS,1,youtube
악마화,1,youtube
시작,1,youtube
하네,1,youtube
뭔관계인데,1,youtube
???,1,youtube
1.가만히,1,youtube
내버려두면,1,youtube
100%먹는,1,youtube
성남시장인,1,youtube
막음,1,youtube
2.성남시장인,1,youtube
100%,1,youtube
사업할려하는데,1,youtube
새누리당다수,1,youtube
의회가,1,youtube
민간도,2,youtube
무조건,1,youtube
껴야한다고,1,youtube
"막음,",1,youtube
3.결국,1,youtube
50:50으로,1,youtube
사업착수,1,youtube
4.사업도중,1,youtube
발생,1,youtube
수천억을,1,youtube
벌고,1,youtube
5.그과정에서,1,youtube
공사직원과,1,youtube
돈을주고,1,youtube
받은게,1,youtube
나옴,1,youtube
6.뇌물을,1,youtube
공사직원인,1,youtube
몸통이라,2,youtube
증언,2,youtube
7.검찰은,1,youtube
하나로,1,youtube
기소,1,youtube
(왜,1,youtube
돈벌,1,youtube
기회를,1,youtube
더줬냐?,1,youtube
8.압색,1,youtube
수사,1,youtube
다했는데,1,youtube
이재명한테,1,youtube
돈한푼,1,youtube
안들어감,1,youtube
유동규한테,1,youtube
들어감,1,youtube
민간끼리,1,youtube
해처먹는,1,youtube
새누리당,1,youtube
반대에도,1,youtube
무릎쓰고,1,youtube
보게,1,youtube
민간한테,1,youtube
도움줬으니,1,youtube
배임죄다?,1,youtube
국가,1,youtube
"파괴,",1,youtube
"파괴범인,",1,youtube
내란범들,1,youtube
말도,1,youtube
안되는,1,youtube
"논리로,",1,youtube
기각,1,youtube
시켜주는,1,youtube
미친,1,youtube
수준,1,youtube
"답다,",1,youtube
